"검사명,구성품,상품코드"
"EBDT 정서행동 그림검사,기록지,1475410001"
"EBDT 정서행동 그림검사,반응지,"
"EBDT 정서행동 그림검사,채점판 2종,"
"PAI 성격평가 질문지_단축형 (증보판),검사지,1015710002"
"KIPR 아동 청소년 교우관계검사,검사지,1003610002"
"SLAT 자기주도학습유형검사_초등저학년(1~2학년),일체형 검사지,1503210001"
"SLAT 자기주도학습유형검사_초등고학년(3~6학년),일체형 검사지,1503310001"
"COI 직무유형 선호도 검사,일체형 검사지,1501710001"
"ESRA 초등학교 적응준비도 검사,일체형 검사지,1501610001"
"아동청소년 GOLDEN 골든성격유형검사 베타,일체형 검사지,""1503810001, 1503910001"""
"KSA 어음청각검사,전문가 지침서(증보판),1005210012"
"KSA 어음청각검사,검사그림틀,1005210002"
"KSA 어음청각검사,이음절어 그림판,1005210006"
"KSA 어음청각검사,단음절어표,1005210008"
"KSA 어음청각검사,이음절어표,1005210007"
"KSA 어음청각검사,문장인지도검사 일반용 기록지,1005210003"
"KSA 어음청각검사,문장인지도 검사 학령기용 기록지,1005210004"
"KSA 어음청각검사,문장인지도검사 학령전기용 기록지,1005210005"
"KSA 어음청각검사,전체 케이스,1005210001"
"K-WPPSI-IV 외 공용가방,공용가방,1018010002"
"LDST 학습장애 선별검사 - 초등용,검사지,1009610003"
"BASA:V 기초학습기능 수행평가체제: 어휘 (연구용),3학년 기초평가 기록지,-"
"BASA:V 기초학습기능 수행평가체제: 어휘 (연구용),4학년 기초평가 기록지,-"
"BASA:V 기초학습기능 수행평가체제: 어휘 (연구용),5학년 기초평가 기록지,-"
"성인용 GOLDEN 골든성격유형검사,검사지,1463610002"
"초등 저학년을 위한 초기 문해력 검사,학생용 검사카드,1440710005"
"초등 저학년을 위한 초기 문해력 검사,L파일(투명파일),"
"NEW 긍정말 포켓카드,SET,1489610001"
"MCDT 다차원 진로진단검사,일체형 검사지,""1492010001, 1492110001"""
"K-CDI 아동발달검사(부모용),개인용 결과표,-"
"K-CDI 아동발달검사(부모용),통계표,-"
"K-CDI 아동발달검사(부모용),해석지침서,-"
